SearchMode,TerminalSolver,ModelName,ModelPath,Simulations,Episodes,TotalSteps,Wins0,Alive0,Wins1,Alive1,Wins2,Alive2,Wins3,Alive3,Draws,NotDone,Time,EvalInfo
OnePlayer,false,sl-0,/data/model-sl-0/onnx,0,1000,229663,343,381,193,218,182,220,185,207,37,60,78.832,"166504.000000,0.003610,543.000000,0.000000,1.771710,1.771721:166504.000000,0.994727,1.000000,0.000000,0.005245,0.005245:166504.000000,0.994727,1.000000,0.000000,0.005245,0.005245:166504.000000,1.000000,1.000000,1.000000,0.000000,0.000000"
TwoPlayer,false,sl-0,/data/model-sl-0/onnx,0,1000,241090,376,427,170,198,158,192,177,210,47,72,83.421,"188210.000000,0.003831,665.000000,0.000000,2.350280,2.350293:188210.000000,0.995250,1.000000,0.000000,0.004727,0.004727:188210.000000,0.995250,1.000000,0.000000,0.004727,0.004727:188210.000000,1.000000,1.000000,1.000000,0.000000,0.000000"
OnePlayer,false,sl-1,/data/model-sl-1/onnx,0,1000,240729,397,446,147,179,176,209,171,196,40,69,85.956,"182597.000000,0.003894,646.000000,0.000000,2.286413,2.286426:182597.000000,0.995493,1.000000,0.000000,0.004487,0.004487:182597.000000,0.995493,1.000000,0.000000,0.004487,0.004487:182597.000000,1.000000,1.000000,1.000000,0.000000,0.000000"
TwoPlayer,false,sl-1,/data/model-sl-1/onnx,0,1000,232788,391,437,166,186,175,197,177,201,35,56,86.004,"183151.000000,0.004100,693.000000,0.000000,2.622961,2.622975:183151.000000,0.995583,1.000000,0.000000,0.004398,0.004398:183151.000000,0.995583,1.000000,0.000000,0.004398,0.004398:183151.000000,1.000000,1.000000,1.000000,0.000000,0.000000"
OnePlayer,false,sl-3,/data/model-sl-3/onnx,0,1000,236031,360,407,176,201,194,229,168,203,34,68,86.623,"177922.000000,0.004002,654.000000,0.000000,2.404791,2.404804:177922.000000,0.995948,1.000000,0.000000,0.004036,0.004036:177922.000000,0.995948,1.000000,0.000000,0.004036,0.004036:177922.000000,1.000000,1.000000,1.000000,0.000000,0.000000"
TwoPlayer,false,sl-3,/data/model-sl-3/onnx,0,1000,234249,377,424,190,220,157,176,174,204,40,62,87.414,"182775.000000,0.003173,523.000000,0.000000,1.497317,1.497325:182775.000000,0.995864,1.000000,0.000000,0.004119,0.004119:182775.000000,0.995864,1.000000,0.000000,0.004119,0.004119:182775.000000,1.000000,1.000000,1.000000,0.000000,0.000000"
OnePlayer,false,sl-2,/data/model-sl-2/onnx,0,1000,239878,388,439,172,203,164,180,176,205,38,62,90.169,"191757.000000,0.003192,554.000000,0.000000,1.601214,1.601223:191757.000000,0.996230,1.000000,0.000000,0.003756,0.003756:191757.000000,0.996230,1.000000,0.000000,0.003756,0.003756:191757.000000,1.000000,1.000000,1.000000,0.000000,0.000000"
TwoPlayer,false,sl-2,/data/model-sl-2/onnx,0,1000,248182,420,472,158,187,154,179,154,186,47,67,91.536,"197612.000000,0.003679,666.000000,0.000000,2.245432,2.245443:197612.000000,0.996210,1.000000,0.000000,0.003776,0.003776:197612.000000,0.996210,1.000000,0.000000,0.003776,0.003776:197612.000000,1.000000,1.000000,1.000000,0.000000,0.000000"
OnePlayer,false,sl-4,/data/model-sl-4/onnx,0,1000,226062,358,396,170,195,184,216,187,212,45,56,77.574,"174884.000000,0.003728,518.000000,0.000000,1.535804,1.535813:174884.000000,0.995077,1.000000,0.000000,0.004899,0.004899:174884.000000,0.995077,1.000000,0.000000,0.004899,0.004899:174884.000000,1.000000,1.000000,1.000000,0.000000,0.000000"
TwoPlayer,false,sl-4,/data/model-sl-4/onnx,0,1000,236746,340,376,191,221,179,207,181,216,47,62,77.176,"173757.000000,0.003758,513.000000,0.000000,1.516201,1.516210:173757.000000,0.993606,1.000000,0.000000,0.006353,0.006353:173757.000000,0.993606,1.000000,0.000000,0.006353,0.006353:173757.000000,1.000000,1.000000,1.000000,0.000000,0.000000"
TwoPlayer,false,dummy-0,/data/model-dummy-0/onnx,0,1000,218594,110,117,254,262,272,282,309,320,38,17,78.725,"165777.000000,0.003680,559.000000,0.000000,1.885592,1.885603:165777.000000,1.000000,1.000000,1.000000,0.000000,0.000000:165777.000000,1.000000,1.000000,1.000000,0.000000,0.000000:165777.000000,1.000000,1.000000,1.000000,0.000000,0.000000"
OnePlayer,false,dummy-0,/data/model-dummy-0/onnx,0,1000,232631,101,110,271,288,268,289,290,308,43,27,80.014,"172003.000000,0.003494,530.000000,0.000000,1.634023,1.634033:172003.000000,1.000000,1.000000,1.000000,0.000000,0.000000:172003.000000,1.000000,1.000000,1.000000,0.000000,0.000000:172003.000000,1.000000,1.000000,1.000000,0.000000,0.000000"
OnePlayer,false,dummy-1,/data/model-dummy-1/onnx,0,1000,213403,134,142,275,286,274,287,267,279,31,19,82.1,"168813.000000,0.004105,628.000000,0.000000,2.336954,2.336967:168813.000000,1.000000,1.000000,1.000000,0.000000,0.000000:168813.000000,1.000000,1.000000,1.000000,0.000000,0.000000:168813.000000,1.000000,1.000000,1.000000,0.000000,0.000000"
TwoPlayer,false,dummy-2,/data/model-dummy-2/onnx,0,1000,225297,99,109,298,313,263,286,281,295,32,27,79.276,"167653.000000,0.003871,540.000000,0.000000,1.740586,1.740597:167653.000000,1.000000,1.000000,1.000000,0.000000,0.000000:167653.000000,1.000000,1.000000,1.000000,0.000000,0.000000:167653.000000,1.000000,1.000000,1.000000,0.000000,0.000000"
OnePlayer,false,dummy-2,/data/model-dummy-2/onnx,0,1000,224778,104,115,281,296,297,312,255,274,37,26,79.869,"170040.000000,0.003899,600.000000,0.000000,2.118092,2.118105:170040.000000,1.000000,1.000000,1.000000,0.000000,0.000000:170040.000000,1.000000,1.000000,1.000000,0.000000,0.000000:170040.000000,1.000000,1.000000,1.000000,0.000000,0.000000"
TwoPlayer,false,dummy-1,/data/model-dummy-1/onnx,0,1000,223034,105,115,293,304,269,281,277,293,36,20,82.264,"169871.000000,0.003968,562.000000,0.000000,1.860655,1.860666:169871.000000,1.000000,1.000000,1.000000,0.000000,0.000000:169871.000000,1.000000,1.000000,1.000000,0.000000,0.000000:169871.000000,1.000000,1.000000,1.000000,0.000000,0.000000"
OnePlayer,false,dummy-4,/data/model-dummy-4/onnx,0,1000,172088,0,0,294,309,321,338,317,335,43,25,6.243,"15062.000000,0.036649,522.000000,0.000000,18.093863,18.095065:15062.000000,0.873191,1.000000,0.000000,0.110729,0.110736:15062.000000,0.873191,1.000000,0.000000,0.110729,0.110736:15062.000000,1.000000,1.000000,1.000000,0.000000,0.000000"
TwoPlayer,false,dummy-4,/data/model-dummy-4/onnx,0,1000,177920,1,1,343,367,283,303,316,336,30,27,6.431,"15331.000000,0.036788,537.000000,0.000000,18.811901,18.813128:15331.000000,0.882199,1.000000,0.000000,0.103924,0.103930:15331.000000,0.882199,1.000000,0.000000,0.103924,0.103930:15331.000000,1.000000,1.000000,1.000000,0.000000,0.000000"
OnePlayer,false,dummy-3,/data/model-dummy-3/onnx,0,1000,218605,126,132,301,323,230,244,275,287,44,24,74.404,"166907.000000,0.003703,528.000000,0.000000,1.671396,1.671406:166907.000000,1.000000,1.000000,1.000000,0.000000,0.000000:166907.000000,1.000000,1.000000,1.000000,0.000000,0.000000:166907.000000,1.000000,1.000000,1.000000,0.000000,0.000000"
TwoPlayer,false,dummy-3,/data/model-dummy-3/onnx,0,1000,228997,94,103,275,289,280,299,281,296,44,26,75.885,"167894.000000,0.003955,511.000000,0.000000,1.557157,1.557167:167894.000000,1.000000,1.000000,1.000000,0.000000,0.000000:167894.000000,1.000000,1.000000,1.000000,0.000000,0.000000:167894.000000,1.000000,1.000000,1.000000,0.000000,0.000000"
TwoPlayer,false,sl-3,/data/model-sl-3/onnx,50,1000,235481,503,511,98,110,101,111,113,123,166,19,1405.68,"202727.000000,6.398881,758.000000,1.000000,4.572972,4.572994:202727.000000,52.937137,79.000000,0.000000,44.304690,44.304908:202727.000000,5.217638,18.000000,1.000000,2.028741,2.028751:202727.000000,5.447222,18.000000,2.000000,2.190705,2.190716"
TwoPlayer,false,sl-1,/data/model-sl-1/onnx,50,1000,239645,493,500,111,119,118,122,96,104,169,13,1477.67,"208972.000000,6.535632,611.000000,1.000000,3.610396,3.610413:208972.000000,52.837442,75.000000,0.000000,44.502096,44.502309:208972.000000,5.371538,20.000000,1.000000,2.196220,2.196230:208972.000000,5.610670,21.000000,2.000000,2.346015,2.346027"
TwoPlayer,false,sl-0,/data/model-sl-0/onnx,50,1000,252883,507,515,103,110,108,119,98,112,165,19,1509.32,"218278.000000,6.379658,671.000000,0.000000,3.764449,3.764466:218278.000000,52.973919,76.000000,0.000000,41.589132,41.589322:218278.000000,5.280977,19.000000,1.000000,2.132933,2.132943:218278.000000,5.506680,19.000000,2.000000,2.301944,2.301955"
TwoPlayer,false,sl-2,/data/model-sl-2/onnx,50,1000,254246,549,555,101,113,100,115,73,81,157,20,1526.47,"219849.000000,6.407557,658.000000,0.000000,3.623821,3.623838:219849.000000,53.115175,78.000000,0.000000,39.617359,39.617539:219849.000000,5.137417,21.000000,1.000000,1.727365,1.727373:219849.000000,5.361061,21.000000,2.000000,1.873269,1.873277"
OnePlayer,false,sl-1,/data/model-sl-1/onnx,50,1000,229068,584,588,92,98,77,79,71,77,167,9,1534.08,"216993.000000,6.537151,546.000000,1.000000,3.429635,3.429651:216993.000000,52.370275,78.000000,0.000000,62.760783,62.761072:216993.000000,5.127718,19.000000,1.000000,2.367359,2.367370:216993.000000,5.397183,19.000000,1.000000,2.567587,2.567599"
OnePlayer,false,sl-0,/data/model-sl-0/onnx,50,1000,233676,604,605,76,79,77,81,84,88,153,6,1543.85,"218896.000000,6.518954,646.000000,1.000000,3.969809,3.969827:218896.000000,52.481375,81.000000,0.000000,62.966569,62.966857:218896.000000,5.035478,18.000000,1.000000,2.307363,2.307373:218896.000000,5.289220,18.000000,1.000000,2.529844,2.529856"
OnePlayer,false,sl-3,/data/model-sl-3/onnx,50,1000,231807,616,618,87,88,81,84,61,65,150,5,1511.54,"218992.000000,6.369598,657.000000,1.000000,3.849831,3.849848:218992.000000,52.501037,77.000000,0.000000,63.151621,63.151909:218992.000000,4.956610,18.000000,1.000000,2.193933,2.193943:218992.000000,5.212830,18.000000,1.000000,2.414191,2.414202"
OnePlayer,false,sl-2,/data/model-sl-2/onnx,50,1000,246034,612,616,83,90,68,72,74,85,150,13,1602.73,"228529.000000,6.479099,666.000000,1.000000,3.835121,3.835138:228529.000000,52.540531,77.000000,0.000000,61.415789,61.416058:228529.000000,4.983989,23.000000,1.000000,2.045169,2.045178:228529.000000,5.231074,23.000000,1.000000,2.214759,2.214769"
TwoPlayer,false,dummy-1,/data/model-dummy-1/onnx,50,1000,195787,129,129,254,273,268,292,272,286,50,27,705.151,"117412.000000,5.461520,718.000000,0.000000,5.499362,5.499409:117412.000000,53.426566,79.000000,0.000000,98.296885,98.297722:117412.000000,3.599675,10.000000,1.000000,0.539131,0.539136:117412.000000,3.720233,14.000000,2.000000,0.478675,0.478679"
TwoPlayer,false,dummy-0,/data/model-dummy-0/onnx,50,1000,188429,165,165,263,273,238,255,263,278,50,21,744.33,"123123.000000,5.504098,743.000000,1.000000,5.620856,5.620902:123123.000000,53.195528,79.000000,0.000000,105.781169,105.782028:123123.000000,3.593886,12.000000,1.000000,0.562279,0.562284:123123.000000,3.712434,14.000000,2.000000,0.480677,0.480681"
TwoPlayer,false,dummy-2,/data/model-dummy-2/onnx,50,1000,201925,141,141,242,261,261,276,268,286,63,25,718.76,"124898.000000,5.212990,692.000000,1.000000,4.857676,4.857715:124898.000000,53.327916,81.000000,0.000000,106.501881,106.502733:124898.000000,3.607488,9.000000,1.000000,0.569404,0.569409:124898.000000,3.735064,9.000000,2.000000,0.482836,0.482840"
OnePlayer,false,dummy-0,/data/model-dummy-0/onnx,50,1000,233012,373,375,158,164,143,148,147,154,169,10,1241.89,"208803.000000,5.413217,763.000000,1.000000,3.780157,3.780175:208803.000000,53.399985,80.000000,0.000000,76.840640,76.841008:208803.000000,3.512569,9.000000,1.000000,0.496294,0.496297:208803.000000,3.631001,10.000000,1.000000,0.538926,0.538929"
OnePlayer,false,dummy-1,/data/model-dummy-1/onnx,50,1000,225519,368,370,145,152,166,170,150,156,162,9,1231.37,"205594.000000,5.454799,729.000000,1.000000,3.629719,3.629737:205594.000000,53.234272,79.000000,0.000000,78.028519,78.028898:205594.000000,3.514855,9.000000,1.000000,0.496674,0.496676:205594.000000,3.645758,10.000000,1.000000,0.545729,0.545731"
OnePlayer,false,dummy-2,/data/model-dummy-2/onnx,50,1000,222396,448,448,149,153,131,134,121,125,146,5,1212.33,"203761.000000,5.417165,668.000000,1.000000,3.307513,3.307529:203761.000000,53.376318,79.000000,0.000000,76.882305,76.882682:203761.000000,3.486315,9.000000,1.000000,0.488534,0.488536:203761.000000,3.610588,10.000000,1.000000,0.533921,0.533924"
TwoPlayer,false,sl-4,/data/model-sl-4/onnx,50,1000,234365,461,465,105,114,128,134,114,123,178,14,1456.55,"197810.000000,6.827607,718.000000,1.000000,4.543685,4.543707:197810.000000,52.820272,76.000000,0.000000,46.987606,46.987843:197810.000000,5.312820,19.000000,1.000000,2.170820,2.170831:197810.000000,5.549204,19.000000,2.000000,2.311913,2.311925"
OnePlayer,false,sl-4,/data/model-sl-4/onnx,50,1000,229894,599,601,74,77,82,86,93,96,146,6,1512.97,"214560.000000,6.517380,730.000000,1.000000,4.332341,4.332362:214560.000000,52.372273,78.000000,0.000000,61.268455,61.268740:214560.000000,5.164681,20.000000,1.000000,2.495979,2.495990:214560.000000,5.432163,20.000000,1.000000,2.702995,2.703008"
TwoPlayer,false,dummy-3,/data/model-dummy-3/onnx,50,1000,195190,160,160,264,274,244,257,268,278,49,15,741.098,"127683.000000,5.262807,837.000000,0.000000,6.451519,6.451569:127683.000000,53.609071,79.000000,0.000000,90.190266,90.190973:127683.000000,3.603526,12.000000,1.000000,0.525084,0.525088:127683.000000,3.718945,14.000000,2.000000,0.474410,0.474413"
TwoPlayer,false,dummy-4,/data/model-dummy-4/onnx,50,1000,192326,142,142,260,267,247,259,276,290,59,16,715.381,"122071.000000,5.318511,750.000000,1.000000,5.748236,5.748283:122071.000000,53.269409,79.000000,0.000000,110.852364,110.853272:122071.000000,3.607179,12.000000,1.000000,0.574596,0.574600:122071.000000,3.735171,14.000000,2.000000,0.485313,0.485317"
OnePlayer,false,dummy-3,/data/model-dummy-3/onnx,50,1000,239873,379,383,151,154,142,150,139,149,177,12,1282.76,"217662.000000,5.359245,723.000000,1.000000,3.466316,3.466332:217662.000000,53.463521,79.000000,0.000000,75.325421,75.325767:217662.000000,3.464192,9.000000,1.000000,0.474205,0.474207:217662.000000,3.587085,10.000000,1.000000,0.524248,0.524250"
OnePlayer,false,dummy-4,/data/model-dummy-4/onnx,50,1000,233410,422,424,134,138,146,154,131,139,156,11,1219.89,"211736.000000,5.228388,721.000000,1.000000,3.385129,3.385145:211736.000000,53.526150,79.000000,0.000000,77.002395,77.002759:211736.000000,3.522623,10.000000,1.000000,0.497882,0.497885:211736.000000,3.630271,10.000000,1.000000,0.529059,0.529061"
OnePlayer,false,sl-0,/data/model-sl-0/onnx,100,1000,230457,654,657,68,69,61,62,78,81,135,4,1908.88,"219671.000000,8.157404,827.000000,0.000000,6.239742,6.239771:219671.000000,102.750368,129.000000,0.000000,256.579293,256.580461:219671.000000,6.780326,28.000000,1.000000,3.724440,3.724457:219671.000000,7.312649,28.000000,1.000000,4.015238,4.015256"
OnePlayer,false,sl-2,/data/model-sl-2/onnx,100,1000,222696,696,698,63,66,70,70,66,67,102,3,1815.11,"212428.000000,8.012823,705.000000,1.000000,5.135486,5.135510:212428.000000,102.770732,129.000000,0.000000,256.780956,256.782165:212428.000000,6.695163,28.000000,1.000000,3.147193,3.147208:212428.000000,7.204050,28.000000,1.000000,3.304259,3.304275"
TwoPlayer,false,sl-0,/data/model-sl-0/onnx,100,1000,255796,654,662,63,70,63,74,69,79,134,17,2056.04,"238824.000000,8.075595,732.000000,1.000000,4.945295,4.945316:238824.000000,104.322447,129.000000,0.000000,128.397268,128.397805:238824.000000,7.069830,25.000000,1.000000,3.379068,3.379082:238824.000000,7.492425,25.000000,2.000000,3.569182,3.569197"
OnePlayer,false,sl-1,/data/model-sl-1/onnx,100,1000,232204,656,657,71,75,65,66,65,68,139,4,1925.49,"220346.000000,8.206543,760.000000,1.000000,5.676895,5.676920:220346.000000,102.675392,128.000000,0.000000,257.311275,257.312442:220346.000000,6.863011,23.000000,1.000000,3.783831,3.783848:220346.000000,7.395846,23.000000,1.000000,4.056376,4.056394"
TwoPlayer,false,sl-1,/data/model-sl-1/onnx,100,1000,256485,636,646,67,74,76,86,77,82,128,16,2084.95,"238907.000000,8.193778,738.000000,1.000000,4.996430,4.996451:238907.000000,104.033770,129.000000,0.000000,138.923236,138.923817:238907.000000,7.170305,24.000000,1.000000,3.539033,3.539048:238907.000000,7.615846,24.000000,2.000000,3.687973,3.687988"
OnePlayer,false,sl-3,/data/model-sl-3/onnx,100,1000,223727,680,682,65,68,62,65,69,74,118,6,1826.19,"209908.000000,8.167778,780.000000,1.000000,6.050323,6.050352:209908.000000,102.647136,129.000000,0.000000,275.406696,275.408008:209908.000000,6.694890,25.000000,1.000000,3.620473,3.620490:209908.000000,7.216876,25.000000,1.000000,3.879047,3.879065"
TwoPlayer,false,sl-3,/data/model-sl-3/onnx,100,1000,254000,622,630,64,71,55,63,82,89,162,15,2008.03,"234760.000000,8.021047,724.000000,1.000000,4.962511,4.962532:234760.000000,104.398104,130.000000,0.000000,131.636883,131.637443:234760.000000,6.941029,29.000000,1.000000,3.221629,3.221643:234760.000000,7.371907,29.000000,2.000000,3.417014,3.417028"
TwoPlayer,false,sl-2,/data/model-sl-2/onnx,100,1000,274601,663,680,82,88,52,57,65,75,119,19,2210.41,"260384.000000,7.956472,741.000000,1.000000,4.458779,4.458796:260384.000000,104.647620,129.000000,0.000000,119.071924,119.072381:260384.000000,6.847529,24.000000,1.000000,2.526222,2.526232:260384.000000,7.272148,24.000000,2.000000,2.621113,2.621123"
TwoPlayer,false,dummy-0,/data/model-dummy-0/onnx,100,1000,194631,165,165,266,278,251,265,241,254,58,19,905.495,"123969.000000,6.765530,748.000000,1.000000,6.285891,6.285942:123969.000000,103.668361,129.000000,0.000000,436.180515,436.184034:123969.000000,5.147755,16.000000,1.000000,0.972393,0.972401:123969.000000,5.515016,16.000000,2.000000,0.521504,0.521508"
OnePlayer,false,dummy-0,/data/model-dummy-0/onnx,100,1000,224125,451,451,132,141,117,125,127,134,162,11,1482.12,"201335.000000,6.828162,762.000000,1.000000,4.223438,4.223459:201335.000000,105.037048,129.000000,0.000000,266.506234,266.507558:201335.000000,5.148156,12.000000,1.000000,0.703771,0.703774:201335.000000,5.471359,12.000000,1.000000,0.697885,0.697888"
TwoPlayer,false,dummy-1,/data/model-dummy-1/onnx,100,1000,200882,188,188,256,272,241,254,225,237,71,19,971.309,"133764.000000,6.722137,734.000000,1.000000,5.559287,5.559328:133764.000000,104.593590,129.000000,0.000000,343.456695,343.459263:133764.000000,5.151109,15.000000,1.000000,0.796347,0.796353:133764.000000,5.492778,16.000000,2.000000,0.519587,0.519591"
OnePlayer,false,dummy-1,/data/model-dummy-1/onnx,100,1000,219827,403,403,115,124,145,154,150,157,176,11,1444.48,"192611.000000,6.964665,731.000000,0.000000,4.193143,4.193165:192611.000000,104.678097,129.000000,0.000000,284.002479,284.003953:192611.000000,5.132428,13.000000,1.000000,0.725188,0.725192:192611.000000,5.490507,13.000000,1.000000,0.716135,0.716138"
OnePlayer,false,sl-4,/data/model-sl-4/onnx,100,1000,220058,676,680,61,65,59,60,79,84,118,7,1846.28,"209948.000000,8.261198,731.000000,1.000000,5.685896,5.685923:209948.000000,102.595705,128.000000,0.000000,253.050708,253.051913:209948.000000,6.927606,31.000000,1.000000,4.060818,4.060838:209948.000000,7.458633,31.000000,1.000000,4.329175,4.329196"
TwoPlayer,false,dummy-2,/data/model-dummy-2/onnx,100,1000,196214,171,171,252,266,238,248,262,274,60,17,940.647,"128684.000000,6.768984,733.000000,1.000000,6.021497,6.021544:128684.000000,103.925997,129.000000,0.000000,417.961769,417.965017:128684.000000,5.164185,12.000000,1.000000,0.941478,0.941485:128684.000000,5.525139,12.000000,2.000000,0.511825,0.511829"
TwoPlayer,false,sl-4,/data/model-sl-4/onnx,100,1000,252183,615,626,62,74,87,97,80,85,137,19,1978.91,"227970.000000,8.147379,733.000000,1.000000,5.168840,5.168862:227970.000000,104.041992,129.000000,0.000000,140.825560,140.826178:227970.000000,7.110962,25.000000,1.000000,3.447748,3.447763:227970.000000,7.546309,25.000000,2.000000,3.575188,3.575204"
OnePlayer,false,dummy-2,/data/model-dummy-2/onnx,100,1000,221901,436,436,115,120,148,158,120,131,169,12,1427.6,"194544.000000,6.803931,626.000000,1.000000,3.322483,3.322500:194544.000000,105.000021,129.000000,0.000000,286.912154,286.913628:194544.000000,5.154546,11.000000,1.000000,0.719958,0.719961:194544.000000,5.461741,11.000000,1.000000,0.718774,0.718778"
OnePlayer,false,dummy-3,/data/model-dummy-3/onnx,100,1000,221154,448,448,128,132,121,124,143,146,155,5,1510.15,"201175.000000,6.973998,832.000000,1.000000,4.755049,4.755073:201175.000000,105.007849,130.000000,0.000000,272.118407,272.119760:201175.000000,5.133466,12.000000,1.000000,0.718700,0.718703:201175.000000,5.469576,12.000000,1.000000,0.710006,0.710010"
TwoPlayer,false,dummy-4,/data/model-dummy-4/onnx,100,1000,201129,189,189,234,257,233,253,245,262,71,28,905.261,"129109.000000,6.471679,732.000000,0.000000,5.698005,5.698049:129109.000000,103.763030,129.000000,0.000000,405.300071,405.303210:129109.000000,5.174597,14.000000,1.000000,0.948658,0.948665:129109.000000,5.557049,14.000000,2.000000,0.535447,0.535451"
TwoPlayer,false,dummy-3,/data/model-dummy-3/onnx,100,1000,207062,184,185,222,241,268,283,238,260,60,28,1054.82,"137719.000000,7.118509,22.000000,0.000000,1.855146,1.855159:137719.000000,103.892992,129.000000,0.000000,357.341558,357.344153:137719.000000,5.162389,12.000000,1.000000,0.846930,0.846936:137719.000000,5.509450,13.000000,2.000000,0.510790,0.510793"
OnePlayer,false,dummy-4,/data/model-dummy-4/onnx,100,1000,216797,465,466,127,132,125,134,134,139,139,10,1444.84,"193342.000000,6.940266,864.000000,1.000000,5.211124,5.211151:193342.000000,105.001153,130.000000,0.000000,283.194271,283.195736:193342.000000,5.173609,11.000000,1.000000,0.742015,0.742019:193342.000000,5.488921,11.000000,1.000000,0.729742,0.729746"
OnePlayer,false,sl-0,/data/model-sl-0/onnx,250,1000,207207,775,775,52,56,48,50,34,37,87,4,2681.48,"196882.000000,13.086300,754.000000,1.000000,9.303363,9.303410:196882.000000,245.975214,279.000000,0.000000,1971.270218,1971.280230:196882.000000,11.101645,38.000000,1.000000,9.512814,9.512863:196882.000000,12.315336,39.000000,1.000000,8.851803,8.851848"
OnePlayer,false,sl-1,/data/model-sl-1/onnx,250,1000,214598,785,791,49,55,48,51,40,44,69,9,2836.54,"207640.000000,13.128424,667.000000,1.000000,8.586840,8.586881:207640.000000,245.791028,279.000000,0.000000,1988.687042,1988.696620:207640.000000,11.316861,35.000000,1.000000,9.823607,9.823654:207640.000000,12.527663,36.000000,1.000000,8.994371,8.994414"
TwoPlayer,false,sl-0,/data/model-sl-0/onnx,250,1000,243633,755,772,43,50,40,47,42,47,102,18,3131.98,"236723.000000,12.700587,799.000000,1.000000,8.010866,8.010900:236723.000000,253.266527,279.000000,0.000000,684.483430,684.486322:236723.000000,11.606426,55.000000,1.000000,9.071689,9.071728:236723.000000,12.609763,59.000000,2.000000,8.786331,8.786368"
OnePlayer,false,sl-2,/data/model-sl-2/onnx,250,1000,207561,775,777,43,47,59,62,50,53,67,6,2606.44,"196161.000000,12.755420,750.000000,1.000000,8.652285,8.652329:196161.000000,245.959696,279.000000,0.000000,2004.725024,2004.735243:196161.000000,10.785900,45.000000,1.000000,8.191171,8.191212:196161.000000,11.963193,45.000000,1.000000,7.412994,7.413031"
OnePlayer,false,sl-3,/data/model-sl-3/onnx,250,1000,203171,775,777,58,61,34,37,59,61,69,5,2553.34,"191699.000000,12.787349,859.000000,1.000000,9.868462,9.868513:191699.000000,245.587301,279.000000,0.000000,2051.265253,2051.275953:191699.000000,10.829676,40.000000,1.000000,9.032878,9.032925:191699.000000,12.057361,41.000000,1.000000,8.296263,8.296306"
TwoPlayer,false,sl-1,/data/model-sl-1/onnx,250,1000,268543,786,811,25,33,33,47,35,51,90,31,3437.82,"257958.000000,12.796079,758.000000,1.000000,7.402756,7.402785:257958.000000,253.392967,279.000000,0.000000,637.000769,637.003238:257958.000000,11.922937,40.000000,1.000000,9.014696,9.014731:257958.000000,12.914525,55.000000,2.000000,8.277217,8.277249"
TwoPlayer,false,sl-2,/data/model-sl-2/onnx,250,1000,265892,797,823,34,45,31,45,29,43,77,32,3255.1,"256202.000000,12.173621,768.000000,1.000000,6.301485,6.301509:256202.000000,254.004243,279.000000,0.000000,601.467726,601.470074:256202.000000,11.233960,36.000000,1.000000,6.132603,6.132627:256202.000000,12.208788,39.000000,2.000000,5.452961,5.452982"
TwoPlayer,false,sl-3,/data/model-sl-3/onnx,250,1000,261156,787,810,33,42,27,39,26,35,101,26,3308.98,"252797.000000,12.559101,776.000000,1.000000,7.711675,7.711705:252797.000000,253.785172,280.000000,0.000000,617.491288,617.493730:252797.000000,11.387572,58.000000,1.000000,8.598804,8.598838:252797.000000,12.411595,58.000000,2.000000,8.090782,8.090814"
TwoPlayer,false,dummy-0,/data/model-dummy-0/onnx,250,1000,194739,157,157,239,249,258,269,262,274,69,15,1288.11,"112081.000000,10.950527,777.000000,1.000000,10.881119,10.881216:112081.000000,243.507258,279.000000,0.000000,3028.537364,3028.564386:112081.000000,7.943817,17.000000,1.000000,3.778261,3.778294:112081.000000,9.832692,18.000000,2.000000,1.393230,1.393243"
TwoPlayer,false,dummy-1,/data/model-dummy-1/onnx,250,1000,184922,188,189,230,239,253,263,240,253,74,15,1348.55,"115337.000000,11.150013,779.000000,1.000000,10.605690,10.605782:115337.000000,244.172521,280.000000,0.000000,2799.455900,2799.480173:115337.000000,7.837901,16.000000,1.000000,3.655509,3.655540:115337.000000,9.769632,18.000000,2.000000,1.363978,1.363990"
OnePlayer,false,sl-4,/data/model-sl-4/onnx,250,1000,208997,737,741,50,51,51,53,67,72,89,6,2685.83,"198821.000000,12.975008,752.000000,1.000000,9.430950,9.430997:198821.000000,245.683519,279.000000,0.000000,1989.402161,1989.412167:198821.000000,11.232465,37.000000,1.000000,9.869172,9.869222:198821.000000,12.419387,37.000000,1.000000,9.168726,9.168772"
OnePlayer,false,dummy-0,/data/model-dummy-0/onnx,250,1000,216716,496,497,128,136,138,148,123,131,102,13,2239.16,"189394.000000,11.286582,754.000000,0.000000,6.359062,6.359095:189394.000000,248.096217,280.000000,0.000000,1867.465768,1867.475628:189394.000000,8.172777,15.000000,1.000000,2.975201,2.975217:189394.000000,9.986647,16.000000,1.000000,2.361053,2.361065"
OnePlayer,false,dummy-1,/data/model-dummy-1/onnx,250,1000,206599,453,453,131,134,140,143,138,143,133,5,2196.97,"181753.000000,11.553922,739.000000,1.000000,6.549437,6.549473:181753.000000,247.183045,279.000000,0.000000,1998.562386,1998.573382:181753.000000,7.683147,15.000000,1.000000,3.131996,3.132014:181753.000000,9.649557,16.000000,1.000000,2.208112,2.208124"
TwoPlayer,false,dummy-2,/data/model-dummy-2/onnx,250,1000,189668,202,202,251,265,240,256,220,236,65,22,1343.68,"117792.000000,10.863726,750.000000,0.000000,10.118807,10.118893:117792.000000,244.559350,279.000000,0.000000,2778.539791,2778.563380:117792.000000,7.989015,17.000000,1.000000,3.539322,3.539352:117792.000000,9.880620,17.000000,2.000000,1.348897,1.348908"
OnePlayer,false,dummy-2,/data/model-dummy-2/onnx,250,1000,215915,503,504,123,127,123,129,110,117,132,9,2280.9,"192038.000000,11.342948,783.000000,1.000000,6.697710,6.697745:192038.000000,247.650762,281.000000,0.000000,1956.172313,1956.182499:192038.000000,8.056010,16.000000,1.000000,2.963453,2.963468:192038.000000,9.961325,17.000000,1.000000,2.387537,2.387549"
TwoPlayer,false,sl-4,/data/model-sl-4/onnx,250,1000,260522,745,776,39,48,33,43,38,54,112,33,3340.33,"253081.000000,12.666980,755.000000,1.000000,7.151069,7.151097:253081.000000,253.317918,279.000000,0.000000,659.741631,659.744238:253081.000000,11.700910,49.000000,1.000000,8.598317,8.598351:253081.000000,12.666206,55.000000,2.000000,8.022155,8.022187"
TwoPlayer,false,dummy-3,/data/model-dummy-3/onnx,250,1000,200937,195,195,241,256,226,246,238,255,76,24,1396.57,"120207.000000,11.075237,767.000000,1.000000,9.878672,9.878754:120207.000000,244.846731,279.000000,0.000000,2684.231635,2684.253965:120207.000000,7.934804,16.000000,1.000000,3.426290,3.426319:120207.000000,9.745947,18.000000,2.000000,1.403034,1.403045"
TwoPlayer,false,dummy-4,/data/model-dummy-4/onnx,250,1000,195096,186,186,279,289,223,238,226,237,69,17,1289,"112813.000000,10.883019,878.000000,1.000000,12.336213,12.336322:112813.000000,243.224097,279.000000,0.000000,3018.729452,3018.756210:112813.000000,7.976864,17.000000,1.000000,3.807962,3.807996:112813.000000,9.799952,18.000000,2.000000,1.331986,1.331998"
OnePlayer,false,dummy-3,/data/model-dummy-3/onnx,250,1000,212918,458,461,111,119,121,132,152,163,143,15,2241.43,"185795.000000,11.529950,766.000000,1.000000,6.839840,6.839877:185795.000000,247.431965,280.000000,0.000000,2015.290738,2015.301585:185795.000000,7.870863,17.000000,1.000000,2.973668,2.973684:185795.000000,9.686052,17.000000,1.000000,2.267700,2.267713"
OnePlayer,false,dummy-4,/data/model-dummy-4/onnx,250,1000,213494,508,508,123,134,133,144,119,134,99,18,2145.91,"181318.000000,11.300709,782.000000,1.000000,7.345703,7.345743:181318.000000,247.105241,279.000000,0.000000,2004.800239,2004.811296:181318.000000,8.265390,18.000000,1.000000,3.168232,3.168249:181318.000000,10.028811,18.000000,1.000000,2.529079,2.529093"
OnePlayer,false,sl-0,/data/model-sl-0/onnx,500,1000,200477,781,783,40,43,44,47,54,58,75,6,3966.46,"192153.000000,20.111583,728.000000,1.000000,15.992228,15.992311:192153.000000,472.329258,530.000000,0.000000,11388.631322,11388.690591:192153.000000,14.961754,83.000000,1.000000,25.677965,25.678098:192153.000000,17.403262,83.000000,1.000000,24.049502,24.049628"
OnePlayer,false,sl-1,/data/model-sl-1/onnx,500,1000,207663,773,774,48,52,55,63,38,44,77,9,4079.18,"196864.000000,20.188932,783.000000,1.000000,17.218734,17.218821:196864.000000,472.307949,530.000000,0.000000,11358.357195,11358.414892:196864.000000,15.640056,124.000000,1.000000,27.977997,27.978139:196864.000000,18.069693,124.000000,1.000000,25.067863,25.067991"
OnePlayer,false,sl-2,/data/model-sl-2/onnx,500,1000,197565,807,807,42,43,48,50,55,56,46,2,3897.26,"189344.000000,20.050680,828.000000,1.000000,16.578321,16.578409:189344.000000,473.659086,530.000000,0.000000,11013.813863,11013.872031:189344.000000,14.401148,54.000000,1.000000,23.003949,23.004071:189344.000000,16.745252,54.000000,1.000000,21.401963,21.402076"
OnePlayer,false,sl-3,/data/model-sl-3/onnx,500,1000,190014,786,790,52,53,40,43,57,59,60,5,3798.74,"184327.000000,20.078062,805.000000,1.000000,16.798905,16.798996:184327.000000,474.414106,529.000000,0.000000,10771.890672,10771.949111:184327.000000,14.677725,45.000000,1.000000,24.856280,24.856415:184327.000000,17.117243,69.000000,1.000000,23.385718,23.385845"
TwoPlayer,false,sl-0,/data/model-sl-0/onnx,500,1000,250243,829,868,19,27,24,42,33,48,55,40,5094.49,"245294.000000,20.238396,808.000000,1.000000,17.167384,17.167454:245294.000000,498.927491,530.000000,0.000000,3160.846072,3160.858958:245294.000000,16.471646,125.000000,1.000000,34.692656,34.692797:245294.000000,18.543160,128.000000,2.000000,34.878768,34.878910"
TwoPlayer,false,sl-2,/data/model-sl-2/onnx,500,1000,255242,855,893,21,34,21,35,17,32,46,40,5019.09,"250255.000000,19.525280,880.000000,1.000000,10.897516,10.897559:250255.000000,499.448395,529.000000,0.000000,2986.721182,2986.733116:250255.000000,15.807424,100.000000,1.000000,21.236891,21.236976:250255.000000,17.732385,112.000000,2.000000,19.102169,19.102245"
TwoPlayer,false,sl-1,/data/model-sl-1/onnx,500,1000,264131,854,896,16,32,21,38,20,35,45,44,5381,"259053.000000,20.242970,833.000000,1.000000,13.477362,13.477414:259053.000000,499.146889,530.000000,0.000000,2895.385379,2895.396556:259053.000000,17.367048,100.000000,1.000000,30.273057,30.273174:259053.000000,19.366195,106.000000,2.000000,26.651555,26.651658"
TwoPlayer,false,sl-3,/data/model-sl-3/onnx,500,1000,254562,852,881,17,27,16,30,16,33,66,33,5058.91,"248725.000000,19.809758,753.000000,1.000000,14.836177,14.836237:248725.000000,499.566803,530.000000,0.000000,2749.141097,2749.152150:248725.000000,15.875577,128.000000,1.000000,31.434422,31.434548:248725.000000,18.049995,134.000000,2.000000,31.111916,31.112041"
TwoPlayer,false,dummy-0,/data/model-dummy-0/onnx,500,1000,198869,202,202,224,237,245,256,245,256,67,17,2060.31,"114567.000000,17.441776,768.000000,1.000000,20.097475,20.097650:114567.000000,478.677080,529.000000,0.000000,11917.986796,11918.090823:114567.000000,9.904274,21.000000,1.000000,6.486503,6.486560:114567.000000,11.657659,25.000000,2.000000,2.291725,2.291745"
OnePlayer,false,sl-4,/data/model-sl-4/onnx,500,1000,206374,756,759,48,51,52,55,48,53,89,7,4032.64,"194416.000000,20.210883,782.000000,1.000000,17.551873,17.551964:194416.000000,471.749306,530.000000,0.000000,11569.894332,11569.953843:194416.000000,15.083774,68.000000,1.000000,27.042057,27.042196:194416.000000,17.415969,68.000000,1.000000,25.307913,25.308043"
TwoPlayer,false,dummy-1,/data/model-dummy-1/onnx,500,1000,195210,228,229,234,250,259,272,190,205,69,20,2116,"118101.000000,17.376872,783.000000,1.000000,19.141741,19.141903:118101.000000,480.387456,529.000000,0.000000,11178.920055,11179.014711:118101.000000,9.676938,22.000000,1.000000,6.154138,6.154190:118101.000000,11.560571,22.000000,2.000000,1.996376,1.996393"
OnePlayer,false,dummy-0,/data/model-dummy-0/onnx,500,1000,206639,592,592,104,108,105,112,107,110,85,7,3552.87,"185434.000000,18.625306,757.000000,0.000000,13.807063,13.807137:185434.000000,482.352751,529.000000,0.000000,9488.133783,9488.184950:185434.000000,10.257396,19.000000,1.000000,6.455496,6.455531:185434.000000,12.399857,23.000000,1.000000,4.288743,4.288766"
OnePlayer,false,dummy-1,/data/model-dummy-1/onnx,500,1000,210155,485,485,117,124,121,127,129,136,138,10,3538.44,"187694.000000,18.318556,767.000000,1.000000,13.790980,13.791054:187694.000000,482.838056,530.000000,0.000000,9317.728737,9317.778380:187694.000000,9.234264,18.000000,1.000000,4.338836,4.338859:187694.000000,10.841071,21.000000,1.000000,3.184114,3.184131"
TwoPlayer,false,dummy-2,/data/model-dummy-2/onnx,500,1000,197469,208,208,240,249,245,258,232,249,57,18,2074.39,"116139.000000,17.318833,768.000000,1.000000,19.054331,19.054495:116139.000000,479.359190,530.000000,0.000000,11650.494838,11650.595154:116139.000000,9.817081,22.000000,1.000000,6.281319,6.281373:116139.000000,11.623210,22.000000,2.000000,2.133802,2.133821"
OnePlayer,false,dummy-2,/data/model-dummy-2/onnx,500,1000,216792,550,551,114,119,107,111,123,126,100,6,3652.93,"193980.000000,18.299062,759.000000,1.000000,13.242967,13.243036:193980.000000,484.180802,530.000000,0.000000,8931.353299,8931.399342:193980.000000,9.933143,20.000000,1.000000,5.712723,5.712752:193980.000000,12.152840,21.000000,1.000000,3.739760,3.739779"
TwoPlayer,false,sl-4,/data/model-sl-4/onnx,500,1000,257223,792,846,32,50,26,47,24,46,70,56,5142.92,"249358.000000,20.093280,772.000000,1.000000,13.203708,13.203761:249358.000000,498.985727,529.000000,0.000000,3077.098021,3077.110361:249358.000000,16.823631,138.000000,1.000000,29.759801,29.759920:249358.000000,18.758011,138.000000,2.000000,27.747319,27.747430"
TwoPlayer,false,dummy-3,/data/model-dummy-3/onnx,500,1000,191454,243,244,232,243,209,227,231,245,64,21,2087.17,"115845.000000,17.475394,766.000000,0.000000,19.634987,19.635157:115845.000000,479.542518,530.000000,0.000000,11579.828424,11579.928385:115845.000000,9.753990,22.000000,1.000000,6.135940,6.135993:115845.000000,11.557935,24.000000,2.000000,2.085342,2.085360"
TwoPlayer,false,dummy-4,/data/model-dummy-4/onnx,500,1000,194233,206,207,254,264,218,227,246,259,60,16,2046.42,"113277.000000,17.524405,798.000000,0.000000,20.511046,20.511227:113277.000000,478.139481,529.000000,0.000000,12099.706050,12099.812866:113277.000000,9.908216,22.000000,1.000000,6.464655,6.464712:113277.000000,11.642469,22.000000,2.000000,2.205655,2.205675"
OnePlayer,false,dummy-3,/data/model-dummy-3/onnx,500,1000,214924,511,512,131,135,118,128,115,122,114,11,3613.35,"189290.000000,18.555935,754.000000,1.000000,13.834520,13.834593:189290.000000,483.782228,529.000000,0.000000,9144.494041,9144.542351:189290.000000,9.354990,19.000000,1.000000,4.551039,4.551063:189290.000000,11.147557,20.000000,1.000000,3.334067,3.334085"
OnePlayer,false,dummy-4,/data/model-dummy-4/onnx,500,1000,214297,558,560,125,136,122,127,103,113,79,13,3539.24,"185917.000000,18.503945,878.000000,1.000000,14.475085,14.475163:185917.000000,481.851089,529.000000,0.000000,9422.043151,9422.093830:185917.000000,10.321364,21.000000,1.000000,6.585307,6.585342:185917.000000,12.867936,22.000000,1.000000,4.678585,4.678610"
OnePlayer,false,sl-0,/data/model-sl-0/onnx,1000,1000,191264,768,772,60,68,54,61,52,54,56,10,6281.31,"180850.000000,34.201504,815.000000,1.000000,48.329924,48.330191:180850.000000,900.087625,1029.000000,0.000000,66022.911498,66023.276570:180850.000000,17.978435,93.000000,1.000000,55.351915,55.352221:180850.000000,21.717152,134.000000,1.000000,58.177564,58.177886"
OnePlayer,false,sl-2,/data/model-sl-2/onnx,1000,1000,192453,777,780,39,42,45,49,61,65,71,7,6267.56,"183084.000000,33.703103,793.000000,1.000000,45.399536,45.399784:183084.000000,907.917295,1029.000000,0.000000,62136.699360,62137.038751:183084.000000,17.407545,60.000000,1.000000,49.020876,49.021144:183084.000000,20.842952,63.000000,1.000000,48.942045,48.942312"
OnePlayer,false,sl-1,/data/model-sl-1/onnx,1000,1000,200521,773,776,59,64,60,64,50,52,51,7,6635.44,"190535.000000,34.295206,810.000000,1.000000,48.221170,48.221423:190535.000000,900.539901,1030.000000,0.000000,65701.929034,65702.273864:190535.000000,19.305865,81.000000,1.000000,68.057883,68.058241:190535.000000,23.168919,101.000000,1.000000,67.704392,67.704747"
OnePlayer,false,sl-3,/data/model-sl-3/onnx,1000,1000,190819,782,784,50,52,45,49,62,65,56,5,6347.81,"181964.000000,34.354295,788.000000,1.000000,46.352509,46.352764:181964.000000,908.498417,1030.000000,0.000000,61557.824419,61558.162717:181964.000000,17.605779,115.000000,1.000000,52.966856,52.967147:181964.000000,21.278901,119.000000,1.000000,55.539787,55.540092"
TwoPlayer,false,sl-0,/data/model-sl-0/onnx,1000,1000,248130,879,925,15,34,13,32,14,25,32,47,8635.41,"245164.000000,34.694192,829.000000,1.000000,59.424025,59.424267:245164.000000,988.003051,1031.000000,0.000000,14127.646285,14127.703910:245164.000000,21.916003,156.000000,1.000000,155.146943,155.147576:245164.000000,26.158698,156.000000,2.000000,177.351351,177.352074"
TwoPlayer,false,sl-2,/data/model-sl-2/onnx,1000,1000,240537,889,923,11,26,17,28,18,30,29,36,7993.31,"235337.000000,33.435116,773.000000,1.000000,24.283345,24.283448:235337.000000,988.252030,1030.000000,0.000000,14686.236264,14686.298669:235337.000000,20.501400,151.000000,1.000000,75.339482,75.339803:235337.000000,23.987282,151.000000,2.000000,83.051458,83.051811"
TwoPlayer,false,sl-1,/data/model-sl-1/onnx,1000,1000,255010,864,927,11,35,12,35,14,31,36,63,8884.99,"253457.000000,34.525103,807.000000,1.000000,31.588193,31.588317:253457.000000,988.706605,1030.000000,0.000000,14048.275026,14048.330453:253457.000000,23.181613,148.000000,1.000000,105.588132,105.588549:253457.000000,27.238060,148.000000,2.000000,112.872763,112.873208"
TwoPlayer,false,sl-3,/data/model-sl-3/onnx,1000,1000,246425,907,946,8,28,13,20,8,21,25,39,8441.98,"244515.000000,33.995133,738.000000,1.000000,41.829950,41.830121:244515.000000,988.703172,1029.000000,0.000000,13524.247975,13524.303285:244515.000000,20.840885,148.000000,1.000000,118.737679,118.738164:244515.000000,25.159867,151.000000,2.000000,140.744187,140.744762"
TwoPlayer,false,dummy-0,/data/model-dummy-0/onnx,1000,1000,201462,283,283,231,243,212,219,202,213,57,15,4231.71,"133369.000000,31.189497,902.000000,1.000000,48.204154,48.204516:133369.000000,956.335685,1030.000000,0.000000,41082.886138,41083.194180:133369.000000,11.130360,25.000000,1.000000,6.538518,6.538567:133369.000000,12.536481,28.000000,2.000000,2.966407,2.966429"
OnePlayer,false,sl-4,/data/model-sl-4/onnx,1000,1000,195869,749,750,48,52,62,64,51,55,85,5,6677.15,"185302.000000,35.503319,914.000000,1.000000,50.134189,50.134459:185302.000000,902.326866,1029.000000,0.000000,64828.637754,64828.987610:185302.000000,18.399154,101.000000,1.000000,58.833779,58.834097:185302.000000,21.958408,109.000000,1.000000,59.750896,59.751218"
TwoPlayer,false,dummy-1,/data/model-dummy-1/onnx,1000,1000,202389,260,261,213,222,228,235,225,236,60,14,4163.63,"129756.000000,31.549917,826.000000,1.000000,49.438343,49.438724:129756.000000,953.900020,1029.000000,0.000000,42837.795878,42838.126022:129756.000000,10.904336,24.000000,1.000000,6.444908,6.444958:129756.000000,12.375150,26.000000,2.000000,2.821376,2.821398"
OnePlayer,false,dummy-0,/data/model-dummy-0/onnx,1000,1000,217094,616,617,100,106,99,106,104,113,70,11,6512.34,"195851.000000,32.719639,787.000000,1.000000,39.059840,39.060039:195851.000000,949.417838,1030.000000,0.000000,42846.510984,42846.729756:195851.000000,11.562999,23.000000,1.000000,7.075121,7.075157:195851.000000,13.327366,24.000000,1.000000,4.832173,4.832198"
OnePlayer,false,dummy-1,/data/model-dummy-1/onnx,1000,1000,211646,515,516,112,122,128,134,115,123,119,11,6169.76,"186554.000000,32.537469,758.000000,1.000000,39.345040,39.345251:186554.000000,952.257856,1030.000000,0.000000,41528.007484,41528.230091:186554.000000,10.081049,20.000000,1.000000,4.559337,4.559361:186554.000000,11.533813,22.000000,1.000000,3.538006,3.538025"
TwoPlayer,false,dummy-2,/data/model-dummy-2/onnx,1000,1000,193336,276,276,214,220,228,234,220,224,54,8,3892.49,"125928.000000,30.373189,875.000000,0.000000,51.817300,51.817712:125928.000000,954.340885,1029.000000,0.000000,43110.585508,43110.927854:125928.000000,11.004987,26.000000,1.000000,6.615597,6.615649:125928.000000,12.471484,26.000000,2.000000,2.876402,2.876425"
OnePlayer,false,dummy-2,/data/model-dummy-2/onnx,1000,1000,212715,610,610,104,107,106,111,106,108,69,5,6329.97,"192438.000000,32.360059,780.000000,1.000000,39.382892,39.383096:192438.000000,952.100858,1030.000000,0.000000,42152.541377,42152.760423:192438.000000,10.956874,23.000000,1.000000,5.969388,5.969419:192438.000000,12.901397,25.000000,1.000000,4.318180,4.318203"
TwoPlayer,false,sl-4,/data/model-sl-4/onnx,1000,1000,264521,846,916,14,37,19,46,18,41,32,71,8919.38,"259758.000000,33.806724,792.000000,1.000000,33.678661,33.678790:259758.000000,989.339732,1030.000000,0.000000,13424.928246,13424.979929:259758.000000,22.157720,153.000000,1.000000,104.723017,104.723420:259758.000000,25.976482,153.000000,2.000000,117.332499,117.332951"
TwoPlayer,false,dummy-3,/data/model-dummy-3/onnx,1000,1000,203395,268,268,225,237,207,221,231,246,50,19,4130.09,"130566.000000,31.092168,897.000000,0.000000,48.711371,48.711744:130566.000000,957.030827,1030.000000,0.000000,41047.576742,41047.891126:130566.000000,10.896780,24.000000,1.000000,6.094082,6.094129:130566.000000,12.351761,29.000000,2.000000,2.749876,2.749897"
TwoPlayer,false,dummy-4,/data/model-dummy-4/onnx,1000,1000,207816,270,271,224,241,222,238,204,222,55,25,4192.22,"132269.000000,31.153127,873.000000,0.000000,49.054628,49.054999:132269.000000,956.563291,1030.000000,0.000000,40876.692569,40877.001613:132269.000000,11.149113,26.000000,1.000000,6.588135,6.588185:132269.000000,12.516470,27.000000,2.000000,2.733485,2.733506"
OnePlayer,false,dummy-3,/data/model-dummy-3/onnx,1000,1000,213649,590,591,106,111,101,108,103,109,91,9,6201.43,"193185.000000,31.566752,807.000000,1.000000,39.382806,39.383010:193185.000000,951.600140,1029.000000,0.000000,42218.335259,42218.553798:193185.000000,10.198437,21.000000,1.000000,4.760649,4.760673:193185.000000,11.877335,22.000000,1.000000,3.811239,3.811259"
OnePlayer,false,dummy-4,/data/model-dummy-4/onnx,1000,1000,203108,595,595,114,121,123,130,97,105,61,10,5786.72,"177678.000000,32.031765,838.000000,0.000000,42.034099,42.034336:177678.000000,943.423356,1029.000000,0.000000,46092.681636,46092.941055:177678.000000,11.609220,24.000000,1.000000,7.769842,7.769886:177678.000000,13.983453,27.000000,1.000000,5.462361,5.462392"
